{
    "id" : 5,
    "title" : "Chaos Walking",
    "year" : "2021",
    "duration" : "1h 50m",
    "rating" : "7.4",
    "genre" : "Science Fiction, Action, Adventure, Thriller",
    "synopsis" : "Two unlikely companions embark on a perilous adventure through the badlands of an unexplored planet as they try to escape a dangerous and disorienting reality, where all inner thoughts are seen and heard by everyone.",
    "banner" : "https://www.themoviedb.org/t/p/w600_and_h900_bestv2/9kg73Mg8WJKlB9Y2SAJzeDKAnuB.jpg",
    "trailer" : "https://youtu.be/nRf4ZgzHoVw"
}