{
    "id" : 10,
    "title" : "Sherlock Holmes: A Game of Shadows",
    "year" : "2011",
    "duration" : "2h 9m",
    "rating" : "7.1",
    "genre" : "Adventure, Action, Crime, Mystery",
    "synopsis" : "There is a new criminal mastermind at large (Professor Moriarty) and not only is he Holmes’ intellectual equal, but his capacity for evil and lack of conscience may give him an advantage over the detective.",
    "banner" : "https://www.themoviedb.org/t/p/w600_and_h900_bestv2/y1MYZkwhZK6L0Jy4YMuPktzDOfn.jpg",
    "trailer" : "https://youtu.be/V1OYiPa-eLg"
}