{
    "id" : 1,
    "title" : "Mortal Kombat",
    "year" : "2021",
    "duration" : "1h 50m",
    "rating" : "8.1",
    "genre" : "Fantasy, Action, Adventure, Science Fiction, Thriller",
    "synopsis" : "Washed-up MMA fighter Cole Young, unaware of his heritage, and hunted by Emperor Shang Tsung's best warrior, Sub-Zero, seeks out and trains with Earth's greatest champions as he prepares to stand against the enemies of Outworld in a high stakes battle for the universe.",
    "banner" : "https://www.themoviedb.org/t/p/w600_and_h900_bestv2/2xmx8oPlbDaxTjHsIOZvOt5L3aJ.jpg",
    "trailer" : "https://youtu.be/NYH2sLid0Zc"
}