{
    "id" : 9,
    "title" : "Peaky Blinders",
    "year" : "2013",
    "duration" : "1h",
    "rating" : "8.6",
    "genre" : "Crime, Drama",
    "synopsis" : "A gangster family epic set in 1919 Birmingham, England and centered on a gang who sew razor blades in the peaks of their caps, and their fierce boss Tommy Shelby, who means to move up in the world.",
    "banner" : "https://www.themoviedb.org/t/p/w600_and_h900_bestv2/6PX0r5TRRU5y0jZ70y1OtbLYmoD.jpg",
    "trailer" : "https://youtu.be/EM12mcTEI88"
}