{
    "id" : 6,
    "title" : "Marvel Studios: Legends",
    "year" : "2021",
    "duration" : "8m",
    "rating" : "7.7",
    "genre" : "Documentary",
    "synopsis" : "Revisit the epic heroes, villains and moments from across the MCU in preparation for the stories still to come. Each dynamic segment feeds directly into the upcoming series — setting the stage for future events. This series weaves together the many threads that constitute the unparalleled Marvel Cinematic Universe.",
    "banner" : "https://www.themoviedb.org/t/p/w600_and_h900_bestv2/EpDuYIK81YtCUT3gH2JDpyj8Qk.jpg",
    "trailer" : "https://youtu.be/lWQF6F81kbY"
}