{
  "tvShows": [
    {
      "id" : 1,
      "title" : "The Falcon and the Winter Soldier",
      "year" : "2021",
      "duration" : "50m",
      "rating" : "7.9",
      "genre" : "Sci-Fi & Fantasy, Action & Adventure, Drama, War & Politics",
      "synopsis" : "Following the events of “Avengers: Endgame”, the Falcon, Sam Wilson and the Winter Soldier, Bucky Barnes team up in a global adventure that tests their abilities, and their patience.",
      "banner" : "https://www.themoviedb.org/t/p/w600_and_h900_bestv2/6kbAMLteGO8yyewYau6bJ683sw7.jpg",
      "trailer" : "https://youtu.be/IWBsDaFWyTE"
    },
    {
      "id" : 2,
      "title" : "The Good Doctor",
      "year" : "2017",
      "duration" : "43m",
      "rating" : "8.6",
      "genre" : "Drama",
      "synopsis" : "A young surgeon with Savant syndrome is recruited into the surgical unit of a prestigious hospital. The question will arise: can a person who doesn't have the ability to relate to people actually save their lives",
      "banner" : "https://www.themoviedb.org/t/p/w600_and_h900_bestv2/6tfT03sGp9k4c0J3dypjrI8TSAI.jpg",
      "trailer" : "https://youtu.be/fYlZDTru55g"
    },
    {
      "id" : 3,
      "title" : "WandaVision",
      "year" : "2021",
      "duration" : "36m",
      "rating" : "8.4",
      "genre" : "Sci-Fi & Fantasy, Mystery, Drama",
      "synopsis" : "Wanda Maximoff and Vision—two super-powered beings living idealized suburban lives—begin to suspect that everything is not as it seems.",
      "banner" : "https://www.themoviedb.org/t/p/w600_and_h900_bestv2/glKDfE6btIRcVB5zrjspRIs4r52.jpg",
      "trailer" : "https://youtu.be/Ch0wMWnXjeA"
    },
    {
      "id" : 4,
      "title" : "The Walking Dead",
      "year" : "2010",
      "duration" : "42m",
      "rating" : "8.1",
      "genre" : "Action & Adventure, Drama, Sci-Fi & Fantasy",
      "synopsis" : "Sheriff's deputy Rick Grimes awakens from a coma to find a post-apocalyptic world dominated by flesh-eating zombies. He sets out to find his family and encounters many other survivors along the way.",
      "banner" : "https://www.themoviedb.org/t/p/w600_and_h900_bestv2/rqeYMLryjcawh2JeRpCVUDXYM5b.jpg",
      "trailer" : "https://youtu.be/R1v0uFms68U"
    },
    {
      "id" : 5,
      "title" : "Game of Thrones",
      "year" : "2011",
      "duration" : "1h",
      "rating" : "8.4",
      "genre" : "Sci-Fi & Fantasy, Drama, Action & Adventure",
      "synopsis" : "Seven noble families fight for control of the mythical land of Westeros. Friction between the houses leads to full-scale war. All while a very ancient evil awakens in the farthest north. Amidst the war, a neglected military order of misfits, the Night's Watch, is all that stands between the realms of men and icy horrors beyond.",
      "banner" : "https://www.themoviedb.org/t/p/w600_and_h900_bestv2/rqeYMLryjcawh2JeRpCVUDXYM5b.jpg",
      "trailer" : "https://youtu.be/bjqEWgDVPe0"
    },
    {
      "id" : 6,
      "title" : "Marvel Studios: Legends",
      "year" : "2021",
      "duration" : "8m",
      "rating" : "7.7",
      "genre" : "Documentary",
      "synopsis" : "Revisit the epic heroes, villains and moments from across the MCU in preparation for the stories still to come. Each dynamic segment feeds directly into the upcoming series — setting the stage for future events. This series weaves together the many threads that constitute the unparalleled Marvel Cinematic Universe.",
      "banner" : "https://www.themoviedb.org/t/p/w600_and_h900_bestv2/EpDuYIK81YtCUT3gH2JDpyj8Qk.jpg",
      "trailer" : "https://youtu.be/lWQF6F81kbY"
    },
    {
      "id" : 7,
      "title" : "I Am...",
      "year" : "2019",
      "duration" : "50m",
      "rating" : "5.9",
      "genre" : "Drama",
      "synopsis" : "Each hour-long film follows a different women as they experience “moments that are emotionally raw, thought-provoking and utterly personal”.",
      "banner" : "https://www.themoviedb.org/t/p/w600_and_h900_bestv2/oogunE22HDTcTxFakKQbwqfw1qo.jpg",
      "trailer" : "https://youtu.be/yCJhBf-6kug"
    },
    {
      "id" : 8,
      "title" : "Elite",
      "year" : "2018",
      "duration" : "1h",
      "rating" : "7.9",
      "genre" : "Crime, Mystery, Drama",
      "synopsis" : "When three working class kids enroll in the most exclusive school in Spain, the clash between the wealthy and the poor students leads to tragedy.",
      "banner" : "https://www.themoviedb.org/t/p/w600_and_h900_bestv2/3NTAbAiao4JLzFQw6YxP1YZppM8.jpg",
      "trailer" : "https://youtu.be/QNwhAdrdwp0"
    },
    {
      "id" : 9,
      "title" : "Peaky Blinders",
      "year" : "2013",
      "duration" : "1h",
      "rating" : "8.6",
      "genre" : "Crime, Drama",
      "synopsis" : "A gangster family epic set in 1919 Birmingham, England and centered on a gang who sew razor blades in the peaks of their caps, and their fierce boss Tommy Shelby, who means to move up in the world.",
      "banner" : "https://www.themoviedb.org/t/p/w600_and_h900_bestv2/6PX0r5TRRU5y0jZ70y1OtbLYmoD.jpg",
      "trailer" : "https://youtu.be/EM12mcTEI88"
    },
    {
      "id" : 10,
      "title" : "Sherlock",
      "year" : "2010",
      "duration" : "1h 30m",
      "rating" : "8.4",
      "genre" : "Crime, Drama, Mystery",
      "synopsis" : "A modern update finds the famous sleuth and his doctor partner solving crime in 21st century London.",
      "banner" : "https://www.themoviedb.org/t/p/w600_and_h900_bestv2/7WTsnHkbA0FaG6R9twfFde0I9hl.jpg",
      "trailer" : "https://youtu.be/xK7S9mrFWL4"
    }
  ]
}
