{
  "movies": [
    {
      "id" : 1,
      "title" : "Mortal Kombat",
      "year" : "2021",
      "duration" : "1h 50m",
      "rating" : "8.1",
      "genre" : "Fantasy, Action, Adventure, Science Fiction, Thriller",
      "synopsis" : "Washed-up MMA fighter Cole Young, unaware of his heritage, and hunted by Emperor Shang Tsung's best warrior, Sub-Zero, seeks out and trains with Earth's greatest champions as he prepares to stand against the enemies of Outworld in a high stakes battle for the universe.",
      "banner" : "https://www.themoviedb.org/t/p/w600_and_h900_bestv2/2xmx8oPlbDaxTjHsIOZvOt5L3aJ.jpg",
      "trailer" : "https://youtu.be/NYH2sLid0Zc"
    },
    {
      "id" : 2,
      "title" : "Zack Snyder's Justice League",
      "year" : "2021",
      "duration" : "4h 2m",
      "rating" : "8.5",
      "genre" : "Action, Adventure, Fantasy, Science Fiction",
      "synopsis" : "Determined to ensure Superman's ultimate sacrifice was not in vain, Bruce Wayne aligns forces with Diana Prince with plans to recruit a team of metahumans to protect the world from an approaching threat of catastrophic proportions.",
      "banner" : "https://www.themoviedb.org/t/p/w600_and_h900_bestv2/tnAuB8q5vv7Ax9UAEje5Xi4BXik.jpg",
      "trailer" : "https://youtu.be/vM-Bja2Gy04"
    },
    {
      "id" : 3,
      "title" : "Nobody",
      "year" : "2021",
      "duration" : "1h 32m",
      "rating" : "8.5",
      "genre" : "Action, Thriller, Crime",
      "synopsis" : "Hutch Mansell, a suburban dad, overlooked husband, nothing neighbor — a \"nobody.\" When two thieves break into his home one night, Hutch's unknown long-simmering rage is ignited and propels him on a brutal path that will uncover dark secrets he fought to leave behind.",
      "banner" : "https://www.themoviedb.org/t/p/w600_and_h900_bestv2/oBgWY00bEFeZ9N25wWVyuQddbAo.jpg",
      "trailer" : "https://youtu.be/wZti8QKBWPo"
    },
    {
      "id" : 4,
      "title" : "The Marksman",
      "year" : "2021",
      "duration" : "1h 50m",
      "rating" : "7.1",
      "genre" : "Action, Thriller, Crime",
      "synopsis" : "Action, Thriller, Crime",
      "banner" : "https://www.themoviedb.org/t/p/w600_and_h900_bestv2/6vcDalR50RWa309vBH1NLmG2rjQ.jpg",
      "trailer" : "https://youtu.be/lEBPNi4bEbc"
    },
    {
      "id" : 5,
      "title" : "Chaos Walking",
      "year" : "2021",
      "duration" : "1h 50m",
      "rating" : "7.4",
      "genre" : "Science Fiction, Action, Adventure, Thriller",
      "synopsis" : "Two unlikely companions embark on a perilous adventure through the badlands of an unexplored planet as they try to escape a dangerous and disorienting reality, where all inner thoughts are seen and heard by everyone.",
      "banner" : "https://www.themoviedb.org/t/p/w600_and_h900_bestv2/9kg73Mg8WJKlB9Y2SAJzeDKAnuB.jpg",
      "trailer" : "https://youtu.be/nRf4ZgzHoVw"
    },
    {
      "id" : 6,
      "title" : "Wonder Woman 1984",
      "year" : "2020",
      "duration" : "2h 31m",
      "rating" : "6.8",
      "genre" : "Fantasy, Action, Adventure",
      "synopsis" : "A botched store robbery places Wonder Woman in a global battle against a powerful and mysterious ancient force that puts her powers in jeopardy.",
      "banner" : "https://www.themoviedb.org/t/p/w600_and_h900_bestv2/8UlWHLMpgZm9bx6QYh0NFoq67TZ.jpg",
      "trailer" : "https://youtu.be/XW2E2Fnh52w"
    },
    {
      "id" : 7,
      "title" : "The Little Things",
      "year" : "2021",
      "duration" : "2h 8m",
      "rating" : "6.4",
      "genre" : "Thriller, Crime",
      "synopsis" : "Deputy Sheriff Joe \"Deke\" Deacon joins forces with Sgt. Jim Baxter to search for a serial killer who's terrorizing Los Angeles. As they track the culprit, Baxter is unaware that the investigation is dredging up echoes of Deke's past, uncovering disturbing secrets that could threaten more than his case.",
      "banner" : "https://www.themoviedb.org/t/p/w600_and_h900_bestv2/c7VlGCCgM9GZivKSzBgzuOVxQn7.jpg",
      "trailer" : "https://youtu.be/1HZAnkxdYuA"
    },
    {
      "id" : 8,
      "title" : "Honest Thief",
      "year" : "2020",
      "duration" : "1h 39m",
      "rating" : "6.5",
      "genre" : "Thriller, Action, Crime, Drama",
      "synopsis" : "A bank robber tries to turn himself in because he's falling in love and wants to live an honest life...but when he realizes the Feds are more corrupt than him, he must fight back to clear his name.",
      "banner" : "https://www.themoviedb.org/t/p/w600_and_h900_bestv2/zeD4PabP6099gpE0STWJrJrCBCs.jpg",
      "trailer" : "https://youtu.be/ZUIEOMOxIDo"
    },
    {
      "id" : 9,
      "title" : "Joker",
      "year" : "2019",
      "duration" : "2h 2m",
      "rating" : "8.2",
      "genre" : "Crime, Thriller, Drama",
      "synopsis" : "During the 1980s, a failed stand-up comedian is driven insane and turns to a life of crime and chaos in Gotham City while becoming an infamous psychopathic crime figure.",
      "banner" : "https://www.themoviedb.org/t/p/w600_and_h900_bestv2/udDclJoHjfjb8Ekgsd4FDteOkCU.jpg",
      "trailer" : "https://youtu.be/zAGVQLHvwOY"
    },
    {
      "id" : 10,
      "title" : "Sherlock Holmes: A Game of Shadows",
      "year" : "2011",
      "duration" : "2h 9m",
      "rating" : "7.1",
      "genre" : "Adventure, Action, Crime, Mystery",
      "synopsis" : "There is a new criminal mastermind at large (Professor Moriarty) and not only is he Holmes’ intellectual equal, but his capacity for evil and lack of conscience may give him an advantage over the detective.",
      "banner" : "https://www.themoviedb.org/t/p/w600_and_h900_bestv2/y1MYZkwhZK6L0Jy4YMuPktzDOfn.jpg",
      "trailer" : "https://youtu.be/V1OYiPa-eLg"
    }
  ]
}
