{
    "id" : 1,
    "title" : "The Falcon and the Winter Soldier",
    "year" : "2021",
    "duration" : "50m",
    "rating" : "7.9",
    "genre" : "Sci-Fi & Fantasy, Action & Adventure, Drama, War & Politics",
    "synopsis" : "Following the events of “Avengers: Endgame”, the Falcon, Sam Wilson and the Winter Soldier, Bucky Barnes team up in a global adventure that tests their abilities, and their patience.",
    "banner" : "https://www.themoviedb.org/t/p/w600_and_h900_bestv2/6kbAMLteGO8yyewYau6bJ683sw7.jpg",
    "trailer" : "https://youtu.be/IWBsDaFWyTE"
}