{
    "id" : 2,
    "title" : "The Good Doctor",
    "year" : "2017",
    "duration" : "43m",
    "rating" : "8.6",
    "genre" : "Drama",
    "synopsis" : "A young surgeon with Savant syndrome is recruited into the surgical unit of a prestigious hospital. The question will arise: can a person who doesn't have the ability to relate to people actually save their lives",
    "banner" : "https://www.themoviedb.org/t/p/w600_and_h900_bestv2/6tfT03sGp9k4c0J3dypjrI8TSAI.jpg",
    "trailer" : "https://youtu.be/fYlZDTru55g"
}