{
    "id" : 8,
    "title" : "Honest Thief",
    "year" : "2020",
    "duration" : "1h 39m",
    "rating" : "6.5",
    "genre" : "Thriller, Action, Crime, Drama",
    "synopsis" : "A bank robber tries to turn himself in because he's falling in love and wants to live an honest life...but when he realizes the Feds are more corrupt than him, he must fight back to clear his name.",
    "banner" : "https://www.themoviedb.org/t/p/w600_and_h900_bestv2/zeD4PabP6099gpE0STWJrJrCBCs.jpg",
    "trailer" : "https://youtu.be/ZUIEOMOxIDo"
}