{
    "id" : 2,
    "title" : "Zack Snyder's Justice League",
    "year" : "2021",
    "duration" : "4h 2m",
    "rating" : "8.5",
    "genre" : "Action, Adventure, Fantasy, Science Fiction",
    "synopsis" : "Determined to ensure Superman's ultimate sacrifice was not in vain, Bruce Wayne aligns forces with Diana Prince with plans to recruit a team of metahumans to protect the world from an approaching threat of catastrophic proportions.",
    "banner" : "https://www.themoviedb.org/t/p/w600_and_h900_bestv2/tnAuB8q5vv7Ax9UAEje5Xi4BXik.jpg",
    "trailer" : "https://youtu.be/vM-Bja2Gy04"
}