{
    "id" : 3,
    "title" : "Nobody",
    "year" : "2021",
    "duration" : "1h 32m",
    "rating" : "8.5",
    "genre" : "Action, Thriller, Crime",
    "synopsis" : "Hutch Mansell, a suburban dad, overlooked husband, nothing neighbor — a \"nobody.\" When two thieves break into his home one night, Hutch's unknown long-simmering rage is ignited and propels him on a brutal path that will uncover dark secrets he fought to leave behind.",
    "banner" : "https://www.themoviedb.org/t/p/w600_and_h900_bestv2/oBgWY00bEFeZ9N25wWVyuQddbAo.jpg",
    "trailer" : "https://youtu.be/wZti8QKBWPo"
}